{
  "project_info": {
    "project_number": "599575740338",
    "project_id": "apid-ba176",
    "storage_bucket": "apid-ba176.appspot.com"
  },
  "client": [
    {
      "client_info": {
        "mobilesdk_app_id": "1:599575740338:android:7afed91e9f31ca5c21aeab",
        "android_client_info": {
          "package_name": "com.etec.apis"
        }
      },
      "oauth_client": [],
      "api_key": [
        {
          "current_key": "AIzaSyCIEgKD40rkijqHDJ82t_TSD_xPh3vMY4c"
        }
      ],
      "services": {
        "appinvite_service": {
          "other_platform_oauth_client": []
        }
      }
    }
  ],
  "configuration_version": "1"
}